1,Jermaine,Daniels,male,1961-11-16,hahiss@icloud.com,b62d6f2ea0d97444d90d103c1acf4b4205c2b07e5f6e14e279c6ac10ecff43d5,2020-12-08 16:47:31,0,1,1,active
2,Kaylie,Chambers,female,1962-11-23,jkegl@yahoo.com,5891b5b522d5df086d0ff0b110fbd9d21bb4fc7163af34d08286a2e846f6be03,2020-12-08 16:47:31,1,1,1,active
3,Ayrton,Weeks,male,1962-12-12,chronos@optonline.net,f2ca1bb6c7e907d06dafe4687e579fce76b37e4e93b7605022da52e6ccc26fd2,2020-12-08 16:47:31,2,1,1,active
4,Abigail,Williams,female,1963-02-07,frostman@yahoo.com,6b3a55e0261b0304143f805a24924d0c1c44524821305f31d9277843b8a10f4e,2020-12-08 16:47:31,0,1,1,active
5,Harold,Dupont,male,1972-01-14,wetter@verizon.net,33a7b215065f2ee8635efb72620bc269a1efb889ba3026560334da7366742374,2020-12-08 16:47:31,1,1,1,inactive
6,Gracie-Leigh,Waller,female,1975-02-07,ribet@msn.com,7605c43003115b3077e11258bb39d30641f5aab85522319d8aae06b7024554f4,2020-12-08 16:47:31,2,1,1,active
7,Fred,Thornton,male,1976-04-19,parasite@mac.com,aba4cc9b8af82df5d4efaade764d6a77466453f3e4156bb0b4e489710516b1c3,2020-12-08 16:47:31,0,1,1,active
8,Nicole,Acosta,female,1977-04-27,mthurn@mac.com,dfbb889cf19bda82ed8deadf82de232979aa4ecc83238625c6453dc4c597b43a,2020-12-08 16:47:31,1,1,1,inactive
9,Benjamin,Hope,male,1977-08-08,storerm@gmail.com,fb55fcb32598e81645151e448281f308d3cba82be5955b37d8b5c8f4a44a5772,2020-12-08 16:47:31,2,1,1,active
10,Phoebe,Irvine,female,1978-08-14,josephw@yahoo.com,b02d060c29028768bb6ab5b8d1d9e12946846c5e3060a2b47dc5442f8f562770,2020-12-08 16:47:31,0,1,1,active
11,Larry,Patton,male,1978-12-01,ramollin@comcast.net,f10c4a9fcd902a08c0d3a198e1f12fe9b1f91c46edf2bb2da492af1dc7377c4c,2020-12-08 16:47:31,1,1,1,active
12,Sabah,Hinton,female,1980-03-25,lipeng@msn.com,53f2a6dcf1deb3ad93d49e548ced6b83822e7c59d5a310399b66d7e7fb84c7a5,2020-12-08 16:47:31,2,1,1,active
13,Ricky,Boyd,male,1981-03-06,krueger@verizon.net,06912c53e3afc509f13e20be91defc2b3aa982a70cbd69998970cccb7c2ddf7e,2020-12-08 16:47:31,0,1,1,active
14,Holly,Mckeown,female,1984-03-13,pmint@live.com,05ae89f8333e1d7cea7d5debd9bfb24250be5516f141c1880fc536eb66eb3fb0,2020-12-08 16:47:31,1,1,1,active
15,John,Bowes,male,1985-08-28,fairbank@mac.com,209e060fb70ffa055ffdb2d30d5b5025110dcbb1364d96a6e69bf6bb797f7567,2020-12-08 16:47:31,2,1,1,active
16,Louis,Pasteur,male,1822-12-27,louis.p@gmail.com,81bec9f84b28d1163f85cc92d5ee77fe6614ac459402569ce3bc41f2854ac641ee01f09a4ca955e54f0c85e1fa7a0663bb8b982c8c53bf406385e56a6784b797,2020-12-20 12:31:31,3,1,1,active
17,Edward,Jenner,male,1749-05-17,edward.j@msn.com,304ed8787758880eca8d32c520d4d8d75b22e75f80b648b5196e0a9f726156f760cf384bcead27c296f3a1e9e055a73cd7e2ab584c266886587034896d6a7835,2020-12-20 12:32:50,2,1,1,active
18,Joseph,Lister,male,1827-04-05,joseph.l@outlook.com,9ad30f0b0e71eefeed6c5519a7fdcf3803912f39551dc3fe898dd9f7f92b2cd785ef85e04aa468ceadc20ec1d4f1c2a2758e013cc7ba95d3eb7facd8fe942ed9,2020-12-20 12:49:24,5,1,1,active
